Periode,Supplier,Kode Article,Nama Article,Qty
2020-02-01,P0047 -  PT.JAVAS TRIPTA MANDALA,8992003170403,ANTANGIN 4 S ( 1 PAK ISI 20),6.0
2020-03-01,P0047 -  PT.JAVAS TRIPTA MANDALA,8992003170403,ANTANGIN 4 S ( 1 PAK ISI 20),22.0
2020-04-01,P0047 -  PT.JAVAS TRIPTA MANDALA,8992003170403,ANTANGIN 4 S ( 1 PAK ISI 20),6.0
2020-05-01,P0047 -  PT.JAVAS TRIPTA MANDALA,8992003170403,ANTANGIN 4 S ( 1 PAK ISI 20),18.0
2020-06-01,P0047 -  PT.JAVAS TRIPTA MANDALA,8992003170403,ANTANGIN 4 S ( 1 PAK ISI 20),22.0
2020-07-01,P0047 -  PT.JAVAS TRIPTA MANDALA,8992003170403,ANTANGIN 4 S ( 1 PAK ISI 20),14.0
2020-08-01,P0047 -  PT.JAVAS TRIPTA MANDALA,8992003170403,ANTANGIN 4 S ( 1 PAK ISI 20),16.0
2020-09-01,P0047 -  PT.JAVAS TRIPTA MANDALA,8992003170403,ANTANGIN 4 S ( 1 PAK ISI 20),13.0
2020-10-01,P0047 -  PT.JAVAS TRIPTA MANDALA,8992003170403,ANTANGIN 4 S ( 1 PAK ISI 20),28.0
2020-11-01,P0047 -  PT.JAVAS TRIPTA MANDALA,8992003170403,ANTANGIN 4 S ( 1 PAK ISI 20),14.0
2020-12-01,P0047 -  PT.JAVAS TRIPTA MANDALA,8992003170403,ANTANGIN 4 S ( 1 PAK ISI 20),19.0
2021-01-01,P0047 -  PT.JAVAS TRIPTA MANDALA,8992003170403,ANTANGIN 4 S ( 1 PAK ISI 20),30.0
2021-02-01,P0047 -  PT.JAVAS TRIPTA MANDALA,8992003170403,ANTANGIN 4 S ( 1 PAK ISI 20),21.0
2021-03-01,P0047 -  PT.JAVAS TRIPTA MANDALA,8992003170403,ANTANGIN 4 S ( 1 PAK ISI 20),24.0
2021-04-01,P0047 -  PT.JAVAS TRIPTA MANDALA,8992003170403,ANTANGIN 4 S ( 1 PAK ISI 20),17.0
2021-05-01,P0047 -  PT.JAVAS TRIPTA MANDALA,8992003170403,ANTANGIN 4 S ( 1 PAK ISI 20),27.0
2021-06-01,P0047 -  PT.JAVAS TRIPTA MANDALA,8992003170403,ANTANGIN 4 S ( 1 PAK ISI 20),22.0
2021-07-01,P0047 -  PT.JAVAS TRIPTA MANDALA,8992003170403,ANTANGIN 4 S ( 1 PAK ISI 20),0.0
2021-08-01,P0047 -  PT.JAVAS TRIPTA MANDALA,8992003170403,ANTANGIN 4 S ( 1 PAK ISI 20),0.0
2021-09-01,P0047 -  PT.JAVAS TRIPTA MANDALA,8992003170403,ANTANGIN 4 S ( 1 PAK ISI 20),0.0
2021-10-01,P0047 -  PT.JAVAS TRIPTA MANDALA,8992003170403,ANTANGIN 4 S ( 1 PAK ISI 20),1.0
2021-11-01,P0047 -  PT.JAVAS TRIPTA MANDALA,8992003170403,ANTANGIN 4 S ( 1 PAK ISI 20),12.0
2021-12-01,P0047 -  PT.JAVAS TRIPTA MANDALA,8992003170403,ANTANGIN 4 S ( 1 PAK ISI 20),26.0
2022-01-01,P0047 -  PT.JAVAS TRIPTA MANDALA,8992003170403,ANTANGIN 4 S ( 1 PAK ISI 20),13.0
2022-02-01,P0047 -  PT.JAVAS TRIPTA MANDALA,8992003170403,ANTANGIN 4 S ( 1 PAK ISI 20),14.0
2022-03-01,P0047 -  PT.JAVAS TRIPTA MANDALA,8992003170403,ANTANGIN 4 S ( 1 PAK ISI 20),30.0
2022-04-01,P0047 -  PT.JAVAS TRIPTA MANDALA,8992003170403,ANTANGIN 4 S ( 1 PAK ISI 20),19.0
2022-05-01,P0047 -  PT.JAVAS TRIPTA MANDALA,8992003170403,ANTANGIN 4 S ( 1 PAK ISI 20),30.0
2022-06-01,P0047 -  PT.JAVAS TRIPTA MANDALA,8992003170403,ANTANGIN 4 S ( 1 PAK ISI 20),20.0
2022-07-01,P0047 -  PT.JAVAS TRIPTA MANDALA,8992003170403,ANTANGIN 4 S ( 1 PAK ISI 20),18.0
2022-08-01,P0047 -  PT.JAVAS TRIPTA MANDALA,8992003170403,ANTANGIN 4 S ( 1 PAK ISI 20),6.0
2022-09-01,P0047 -  PT.JAVAS TRIPTA MANDALA,8992003170403,ANTANGIN 4 S ( 1 PAK ISI 20),17.0
2022-10-01,P0047 -  PT.JAVAS TRIPTA MANDALA,8992003170403,ANTANGIN 4 S ( 1 PAK ISI 20),13.0
2022-11-01,P0047 -  PT.JAVAS TRIPTA MANDALA,8992003170403,ANTANGIN 4 S ( 1 PAK ISI 20),12.0
2022-12-01,P0047 -  PT.JAVAS TRIPTA MANDALA,8992003170403,ANTANGIN 4 S ( 1 PAK ISI 20),19.0
2023-01-01,P0047 -  PT.JAVAS TRIPTA MANDALA,8992003170403,ANTANGIN 4 S ( 1 PAK ISI 20),19.0
2023-02-01,P0047 -  PT.JAVAS TRIPTA MANDALA,8992003170403,ANTANGIN 4 S ( 1 PAK ISI 20),8.0
2023-03-01,P0047 -  PT.JAVAS TRIPTA MANDALA,8992003170403,ANTANGIN 4 S ( 1 PAK ISI 20),1.0
2023-04-01,P0047 -  PT.JAVAS TRIPTA MANDALA,8992003170403,ANTANGIN 4 S ( 1 PAK ISI 20),5.0
2023-05-01,P0047 -  PT.JAVAS TRIPTA MANDALA,8992003170403,ANTANGIN 4 S ( 1 PAK ISI 20),18.0
2023-06-01,P0047 -  PT.JAVAS TRIPTA MANDALA,8992003170403,ANTANGIN 4 S ( 1 PAK ISI 20),7.0
2023-07-01,P0047 -  PT.JAVAS TRIPTA MANDALA,8992003170403,ANTANGIN 4 S ( 1 PAK ISI 20),8.0
2023-08-01,P0047 -  PT.JAVAS TRIPTA MANDALA,8992003170403,ANTANGIN 4 S ( 1 PAK ISI 20),12.0
2023-09-01,P0047 -  PT.JAVAS TRIPTA MANDALA,8992003170403,ANTANGIN 4 S ( 1 PAK ISI 20),6.0
2023-10-01,P0047 -  PT.JAVAS TRIPTA MANDALA,8992003170403,ANTANGIN 4 S ( 1 PAK ISI 20),5.0
2023-11-01,P0047 -  PT.JAVAS TRIPTA MANDALA,8992003170403,ANTANGIN 4 S ( 1 PAK ISI 20),16.0
2023-12-01,P0047 -  PT.JAVAS TRIPTA MANDALA,8992003170403,ANTANGIN 4 S ( 1 PAK ISI 20),4.0
2024-01-01,P0047 -  PT.JAVAS TRIPTA MANDALA,8992003170403,ANTANGIN 4 S ( 1 PAK ISI 20),15.0
2024-02-01,P0047 -  PT.JAVAS TRIPTA MANDALA,8992003170403,ANTANGIN 4 S ( 1 PAK ISI 20),13.0
2024-03-01,P0047 -  PT.JAVAS TRIPTA MANDALA,8992003170403,ANTANGIN 4 S ( 1 PAK ISI 20),6.0
2024-04-01,P0047 -  PT.JAVAS TRIPTA MANDALA,8992003170403,ANTANGIN 4 S ( 1 PAK ISI 20),10.0
2024-05-01,P0047 -  PT.JAVAS TRIPTA MANDALA,8992003170403,ANTANGIN 4 S ( 1 PAK ISI 20),33.0
2024-06-01,P0047 -  PT.JAVAS TRIPTA MANDALA,8992003170403,ANTANGIN 4 S ( 1 PAK ISI 20),4.0
2024-07-01,P0047 -  PT.JAVAS TRIPTA MANDALA,8992003170403,ANTANGIN 4 S ( 1 PAK ISI 20),7.0
2024-08-01,P0047 -  PT.JAVAS TRIPTA MANDALA,8992003170403,ANTANGIN 4 S ( 1 PAK ISI 20),14.0
2024-09-01,P0047 -  PT.JAVAS TRIPTA MANDALA,8992003170403,ANTANGIN 4 S ( 1 PAK ISI 20),11.0
2024-10-01,P0047 -  PT.JAVAS TRIPTA MANDALA,8992003170403,ANTANGIN 4 S ( 1 PAK ISI 20),16.0
2024-11-01,P0047 -  PT.JAVAS TRIPTA MANDALA,8992003170403,ANTANGIN 4 S ( 1 PAK ISI 20),7.0
2024-12-01,P0047 -  PT.JAVAS TRIPTA MANDALA,8992003170403,ANTANGIN 4 S ( 1 PAK ISI 20),7.0
2025-01-01,P0047 -  PT.JAVAS TRIPTA MANDALA,8992003170403,ANTANGIN 4 S ( 1 PAK ISI 20),19.0
2025-02-01,P0047 -  PT.JAVAS TRIPTA MANDALA,8992003170403,ANTANGIN 4 S ( 1 PAK ISI 20),15.0
2025-03-01,P0047 -  PT.JAVAS TRIPTA MANDALA,8992003170403,ANTANGIN 4 S ( 1 PAK ISI 20),13.0
2025-04-01,P0047 -  PT.JAVAS TRIPTA MANDALA,8992003170403,ANTANGIN 4 S ( 1 PAK ISI 20),13.0
2025-05-01,P0047 -  PT.JAVAS TRIPTA MANDALA,8992003170403,ANTANGIN 4 S ( 1 PAK ISI 20),24.0
2025-06-01,P0047 -  PT.JAVAS TRIPTA MANDALA,8992003170403,ANTANGIN 4 S ( 1 PAK ISI 20),22.0
2025-07-01,P0047 -  PT.JAVAS TRIPTA MANDALA,8992003170403,ANTANGIN 4 S ( 1 PAK ISI 20),34.0
2025-08-01,P0047 -  PT.JAVAS TRIPTA MANDALA,8992003170403,ANTANGIN 4 S ( 1 PAK ISI 20),23.0
2025-09-01,P0047 -  PT.JAVAS TRIPTA MANDALA,8992003170403,ANTANGIN 4 S ( 1 PAK ISI 20),27.0
2025-10-01,P0047 -  PT.JAVAS TRIPTA MANDALA,8992003170403,ANTANGIN 4 S ( 1 PAK ISI 20),28.0
2025-11-01,P0047 -  PT.JAVAS TRIPTA MANDALA,8992003170403,ANTANGIN 4 S ( 1 PAK ISI 20),14.0
2025-12-01,P0047 -  PT.JAVAS TRIPTA MANDALA,8992003170403,ANTANGIN 4 S ( 1 PAK ISI 20),11.0
2026-01-01,P0047 -  PT.JAVAS TRIPTA MANDALA,8992003170403,ANTANGIN 4 S ( 1 PAK ISI 20),14.0
2020-02-01,P0047 -  PT.JAVAS TRIPTA MANDALA,8992003783399,ANTANGIN GINGER MINT 15 ML,120.0
2020-03-01,P0047 -  PT.JAVAS TRIPTA MANDALA,8992003783399,ANTANGIN GINGER MINT 15 ML,120.0
2020-04-01,P0047 -  PT.JAVAS TRIPTA MANDALA,8992003783399,ANTANGIN GINGER MINT 15 ML,0.0
2020-05-01,P0047 -  PT.JAVAS TRIPTA MANDALA,8992003783399,ANTANGIN GINGER MINT 15 ML,0.0
2020-06-01,P0047 -  PT.JAVAS TRIPTA MANDALA,8992003783399,ANTANGIN GINGER MINT 15 ML,73.0
2020-07-01,P0047 -  PT.JAVAS TRIPTA MANDALA,8992003783399,ANTANGIN GINGER MINT 15 ML,121.0
2020-08-01,P0047 -  PT.JAVAS TRIPTA MANDALA,8992003783399,ANTANGIN GINGER MINT 15 ML,106.0
2020-09-01,P0047 -  PT.JAVAS TRIPTA MANDALA,8992003783399,ANTANGIN GINGER MINT 15 ML,150.0
2020-10-01,P0047 -  PT.JAVAS TRIPTA MANDALA,8992003783399,ANTANGIN GINGER MINT 15 ML,50.0
2020-11-01,P0047 -  PT.JAVAS TRIPTA MANDALA,8992003783399,ANTANGIN GINGER MINT 15 ML,88.0
2020-12-01,P0047 -  PT.JAVAS TRIPTA MANDALA,8992003783399,ANTANGIN GINGER MINT 15 ML,241.0
2021-01-01,P0047 -  PT.JAVAS TRIPTA MANDALA,8992003783399,ANTANGIN GINGER MINT 15 ML,213.0
2021-02-01,P0047 -  PT.JAVAS TRIPTA MANDALA,8992003783399,ANTANGIN GINGER MINT 15 ML,128.0
2021-03-01,P0047 -  PT.JAVAS TRIPTA MANDALA,8992003783399,ANTANGIN GINGER MINT 15 ML,226.0
2021-04-01,P0047 -  PT.JAVAS TRIPTA MANDALA,8992003783399,ANTANGIN GINGER MINT 15 ML,89.0
2021-05-01,P0047 -  PT.JAVAS TRIPTA MANDALA,8992003783399,ANTANGIN GINGER MINT 15 ML,0.0
2021-06-01,P0047 -  PT.JAVAS TRIPTA MANDALA,8992003783399,ANTANGIN GINGER MINT 15 ML,0.0
2021-07-01,P0047 -  PT.JAVAS TRIPTA MANDALA,8992003783399,ANTANGIN GINGER MINT 15 ML,0.0
2021-08-01,P0047 -  PT.JAVAS TRIPTA MANDALA,8992003783399,ANTANGIN GINGER MINT 15 ML,12.0
2021-09-01,P0047 -  PT.JAVAS TRIPTA MANDALA,8992003783399,ANTANGIN GINGER MINT 15 ML,186.0
2021-10-01,P0047 -  PT.JAVAS TRIPTA MANDALA,8992003783399,ANTANGIN GINGER MINT 15 ML,39.0
2021-11-01,P0047 -  PT.JAVAS TRIPTA MANDALA,8992003783399,ANTANGIN GINGER MINT 15 ML,99.0
2021-12-01,P0047 -  PT.JAVAS TRIPTA MANDALA,8992003783399,ANTANGIN GINGER MINT 15 ML,108.0
2022-01-01,P0047 -  PT.JAVAS TRIPTA MANDALA,8992003783399,ANTANGIN GINGER MINT 15 ML,182.0
2022-02-01,P0047 -  PT.JAVAS TRIPTA MANDALA,8992003783399,ANTANGIN GINGER MINT 15 ML,77.0
2022-03-01,P0047 -  PT.JAVAS TRIPTA MANDALA,8992003783399,ANTANGIN GINGER MINT 15 ML,250.0
2022-04-01,P0047 -  PT.JAVAS TRIPTA MANDALA,8992003783399,ANTANGIN GINGER MINT 15 ML,99.0
2022-05-01,P0047 -  PT.JAVAS TRIPTA MANDALA,8992003783399,ANTANGIN GINGER MINT 15 ML,161.0
2022-06-01,P0047 -  PT.JAVAS TRIPTA MANDALA,8992003783399,ANTANGIN GINGER MINT 15 ML,238.0
2022-07-01,P0047 -  PT.JAVAS TRIPTA MANDALA,8992003783399,ANTANGIN GINGER MINT 15 ML,300.0
2022-08-01,P0047 -  PT.JAVAS TRIPTA MANDALA,8992003783399,ANTANGIN GINGER MINT 15 ML,125.0
2022-09-01,P0047 -  PT.JAVAS TRIPTA MANDALA,8992003783399,ANTANGIN GINGER MINT 15 ML,195.0
2022-10-01,P0047 -  PT.JAVAS TRIPTA MANDALA,8992003783399,ANTANGIN GINGER MINT 15 ML,296.0
2022-11-01,P0047 -  PT.JAVAS TRIPTA MANDALA,8992003783399,ANTANGIN GINGER MINT 15 ML,369.0
2022-12-01,P0047 -  PT.JAVAS TRIPTA MANDALA,8992003783399,ANTANGIN GINGER MINT 15 ML,101.0
2023-01-01,P0047 -  PT.JAVAS TRIPTA MANDALA,8992003783399,ANTANGIN GINGER MINT 15 ML,116.0
2023-02-01,P0047 -  PT.JAVAS TRIPTA MANDALA,8992003783399,ANTANGIN GINGER MINT 15 ML,106.0
2023-03-01,P0047 -  PT.JAVAS TRIPTA MANDALA,8992003783399,ANTANGIN GINGER MINT 15 ML,85.0
2023-04-01,P0047 -  PT.JAVAS TRIPTA MANDALA,8992003783399,ANTANGIN GINGER MINT 15 ML,284.0
2023-05-01,P0047 -  PT.JAVAS TRIPTA MANDALA,8992003783399,ANTANGIN GINGER MINT 15 ML,265.0
2023-06-01,P0047 -  PT.JAVAS TRIPTA MANDALA,8992003783399,ANTANGIN GINGER MINT 15 ML,147.0
2023-07-01,P0047 -  PT.JAVAS TRIPTA MANDALA,8992003783399,ANTANGIN GINGER MINT 15 ML,173.0
2023-08-01,P0047 -  PT.JAVAS TRIPTA MANDALA,8992003783399,ANTANGIN GINGER MINT 15 ML,150.0
2023-09-01,P0047 -  PT.JAVAS TRIPTA MANDALA,8992003783399,ANTANGIN GINGER MINT 15 ML,202.0
2023-10-01,P0047 -  PT.JAVAS TRIPTA MANDALA,8992003783399,ANTANGIN GINGER MINT 15 ML,227.0
2023-11-01,P0047 -  PT.JAVAS TRIPTA MANDALA,8992003783399,ANTANGIN GINGER MINT 15 ML,101.0
2023-12-01,P0047 -  PT.JAVAS TRIPTA MANDALA,8992003783399,ANTANGIN GINGER MINT 15 ML,172.0
2024-01-01,P0047 -  PT.JAVAS TRIPTA MANDALA,8992003783399,ANTANGIN GINGER MINT 15 ML,124.0
2024-02-01,P0047 -  PT.JAVAS TRIPTA MANDALA,8992003783399,ANTANGIN GINGER MINT 15 ML,150.0
2024-03-01,P0047 -  PT.JAVAS TRIPTA MANDALA,8992003783399,ANTANGIN GINGER MINT 15 ML,91.0
2024-04-01,P0047 -  PT.JAVAS TRIPTA MANDALA,8992003783399,ANTANGIN GINGER MINT 15 ML,143.0
2024-05-01,P0047 -  PT.JAVAS TRIPTA MANDALA,8992003783399,ANTANGIN GINGER MINT 15 ML,128.0
2024-06-01,P0047 -  PT.JAVAS TRIPTA MANDALA,8992003783399,ANTANGIN GINGER MINT 15 ML,195.0
2024-07-01,P0047 -  PT.JAVAS TRIPTA MANDALA,8992003783399,ANTANGIN GINGER MINT 15 ML,233.0
2024-08-01,P0047 -  PT.JAVAS TRIPTA MANDALA,8992003783399,ANTANGIN GINGER MINT 15 ML,106.0
2024-09-01,P0047 -  PT.JAVAS TRIPTA MANDALA,8992003783399,ANTANGIN GINGER MINT 15 ML,200.0
2024-10-01,P0047 -  PT.JAVAS TRIPTA MANDALA,8992003783399,ANTANGIN GINGER MINT 15 ML,198.0
2024-11-01,P0047 -  PT.JAVAS TRIPTA MANDALA,8992003783399,ANTANGIN GINGER MINT 15 ML,133.0
2024-12-01,P0047 -  PT.JAVAS TRIPTA MANDALA,8992003783399,ANTANGIN GINGER MINT 15 ML,144.0
2025-01-01,P0047 -  PT.JAVAS TRIPTA MANDALA,8992003783399,ANTANGIN GINGER MINT 15 ML,209.0
2025-02-01,P0047 -  PT.JAVAS TRIPTA MANDALA,8992003783399,ANTANGIN GINGER MINT 15 ML,167.0
2025-03-01,P0047 -  PT.JAVAS TRIPTA MANDALA,8992003783399,ANTANGIN GINGER MINT 15 ML,232.0
2025-04-01,P0047 -  PT.JAVAS TRIPTA MANDALA,8992003783399,ANTANGIN GINGER MINT 15 ML,415.0
2025-05-01,P0047 -  PT.JAVAS TRIPTA MANDALA,8992003783399,ANTANGIN GINGER MINT 15 ML,228.0
2025-06-01,P0047 -  PT.JAVAS TRIPTA MANDALA,8992003783399,ANTANGIN GINGER MINT 15 ML,267.0
2025-07-01,P0047 -  PT.JAVAS TRIPTA MANDALA,8992003783399,ANTANGIN GINGER MINT 15 ML,314.0
2025-08-01,P0047 -  PT.JAVAS TRIPTA MANDALA,8992003783399,ANTANGIN GINGER MINT 15 ML,268.0
2025-09-01,P0047 -  PT.JAVAS TRIPTA MANDALA,8992003783399,ANTANGIN GINGER MINT 15 ML,259.0
2025-10-01,P0047 -  PT.JAVAS TRIPTA MANDALA,8992003783399,ANTANGIN GINGER MINT 15 ML,278.0
2025-11-01,P0047 -  PT.JAVAS TRIPTA MANDALA,8992003783399,ANTANGIN GINGER MINT 15 ML,241.0
2025-12-01,P0047 -  PT.JAVAS TRIPTA MANDALA,8992003783399,ANTANGIN GINGER MINT 15 ML,272.0
2026-01-01,P0047 -  PT.JAVAS TRIPTA MANDALA,8992003783399,ANTANGIN GINGER MINT 15 ML,223.0
2021-11-01,P0047 -  PT.JAVAS TRIPTA MANDALA,8992003786840,ANTANGIN HABBATUSAUDA 15ML,40.0
2021-12-01,P0047 -  PT.JAVAS TRIPTA MANDALA,8992003786840,ANTANGIN HABBATUSAUDA 15ML,20.0
2022-01-01,P0047 -  PT.JAVAS TRIPTA MANDALA,8992003786840,ANTANGIN HABBATUSAUDA 15ML,60.0
2022-02-01,P0047 -  PT.JAVAS TRIPTA MANDALA,8992003786840,ANTANGIN HABBATUSAUDA 15ML,0.0
2022-03-01,P0047 -  PT.JAVAS TRIPTA MANDALA,8992003786840,ANTANGIN HABBATUSAUDA 15ML,0.0
2022-04-01,P0047 -  PT.JAVAS TRIPTA MANDALA,8992003786840,ANTANGIN HABBATUSAUDA 15ML,0.0
2022-05-01,P0047 -  PT.JAVAS TRIPTA MANDALA,8992003786840,ANTANGIN HABBATUSAUDA 15ML,0.0
2022-06-01,P0047 -  PT.JAVAS TRIPTA MANDALA,8992003786840,ANTANGIN HABBATUSAUDA 15ML,0.0
2022-07-01,P0047 -  PT.JAVAS TRIPTA MANDALA,8992003786840,ANTANGIN HABBATUSAUDA 15ML,48.0
2022-08-01,P0047 -  PT.JAVAS TRIPTA MANDALA,8992003786840,ANTANGIN HABBATUSAUDA 15ML,105.0
2022-09-01,P0047 -  PT.JAVAS TRIPTA MANDALA,8992003786840,ANTANGIN HABBATUSAUDA 15ML,181.0
2022-10-01,P0047 -  PT.JAVAS TRIPTA MANDALA,8992003786840,ANTANGIN HABBATUSAUDA 15ML,161.0
2022-11-01,P0047 -  PT.JAVAS TRIPTA MANDALA,8992003786840,ANTANGIN HABBATUSAUDA 15ML,95.0
2022-12-01,P0047 -  PT.JAVAS TRIPTA MANDALA,8992003786840,ANTANGIN HABBATUSAUDA 15ML,95.0
2023-01-01,P0047 -  PT.JAVAS TRIPTA MANDALA,8992003786840,ANTANGIN HABBATUSAUDA 15ML,118.0
2023-02-01,P0047 -  PT.JAVAS TRIPTA MANDALA,8992003786840,ANTANGIN HABBATUSAUDA 15ML,119.0
2023-03-01,P0047 -  PT.JAVAS TRIPTA MANDALA,8992003786840,ANTANGIN HABBATUSAUDA 15ML,131.0
2023-04-01,P0047 -  PT.JAVAS TRIPTA MANDALA,8992003786840,ANTANGIN HABBATUSAUDA 15ML,115.0
2023-05-01,P0047 -  PT.JAVAS TRIPTA MANDALA,8992003786840,ANTANGIN HABBATUSAUDA 15ML,165.0
2023-06-01,P0047 -  PT.JAVAS TRIPTA MANDALA,8992003786840,ANTANGIN HABBATUSAUDA 15ML,134.0
2023-07-01,P0047 -  PT.JAVAS TRIPTA MANDALA,8992003786840,ANTANGIN HABBATUSAUDA 15ML,143.0
2023-08-01,P0047 -  PT.JAVAS TRIPTA MANDALA,8992003786840,ANTANGIN HABBATUSAUDA 15ML,94.0
2023-09-01,P0047 -  PT.JAVAS TRIPTA MANDALA,8992003786840,ANTANGIN HABBATUSAUDA 15ML,56.0
2023-10-01,P0047 -  PT.JAVAS TRIPTA MANDALA,8992003786840,ANTANGIN HABBATUSAUDA 15ML,72.0
2023-11-01,P0047 -  PT.JAVAS TRIPTA MANDALA,8992003786840,ANTANGIN HABBATUSAUDA 15ML,76.0
2023-12-01,P0047 -  PT.JAVAS TRIPTA MANDALA,8992003786840,ANTANGIN HABBATUSAUDA 15ML,84.0
2024-01-01,P0047 -  PT.JAVAS TRIPTA MANDALA,8992003786840,ANTANGIN HABBATUSAUDA 15ML,84.0
2024-02-01,P0047 -  PT.JAVAS TRIPTA MANDALA,8992003786840,ANTANGIN HABBATUSAUDA 15ML,63.0
2024-03-01,P0047 -  PT.JAVAS TRIPTA MANDALA,8992003786840,ANTANGIN HABBATUSAUDA 15ML,68.0
2024-04-01,P0047 -  PT.JAVAS TRIPTA MANDALA,8992003786840,ANTANGIN HABBATUSAUDA 15ML,177.0
2024-05-01,P0047 -  PT.JAVAS TRIPTA MANDALA,8992003786840,ANTANGIN HABBATUSAUDA 15ML,229.0
2024-06-01,P0047 -  PT.JAVAS TRIPTA MANDALA,8992003786840,ANTANGIN HABBATUSAUDA 15ML,224.0
2024-07-01,P0047 -  PT.JAVAS TRIPTA MANDALA,8992003786840,ANTANGIN HABBATUSAUDA 15ML,233.0
2024-08-01,P0047 -  PT.JAVAS TRIPTA MANDALA,8992003786840,ANTANGIN HABBATUSAUDA 15ML,176.0
2024-09-01,P0047 -  PT.JAVAS TRIPTA MANDALA,8992003786840,ANTANGIN HABBATUSAUDA 15ML,257.0
2024-10-01,P0047 -  PT.JAVAS TRIPTA MANDALA,8992003786840,ANTANGIN HABBATUSAUDA 15ML,203.0
2024-11-01,P0047 -  PT.JAVAS TRIPTA MANDALA,8992003786840,ANTANGIN HABBATUSAUDA 15ML,141.0
2024-12-01,P0047 -  PT.JAVAS TRIPTA MANDALA,8992003786840,ANTANGIN HABBATUSAUDA 15ML,273.0
2025-01-01,P0047 -  PT.JAVAS TRIPTA MANDALA,8992003786840,ANTANGIN HABBATUSAUDA 15ML,361.0
2025-02-01,P0047 -  PT.JAVAS TRIPTA MANDALA,8992003786840,ANTANGIN HABBATUSAUDA 15ML,213.0
2025-03-01,P0047 -  PT.JAVAS TRIPTA MANDALA,8992003786840,ANTANGIN HABBATUSAUDA 15ML,217.0
2025-04-01,P0047 -  PT.JAVAS TRIPTA MANDALA,8992003786840,ANTANGIN HABBATUSAUDA 15ML,362.0
2025-05-01,P0047 -  PT.JAVAS TRIPTA MANDALA,8992003786840,ANTANGIN HABBATUSAUDA 15ML,338.0
2025-06-01,P0047 -  PT.JAVAS TRIPTA MANDALA,8992003786840,ANTANGIN HABBATUSAUDA 15ML,290.0
2025-07-01,P0047 -  PT.JAVAS TRIPTA MANDALA,8992003786840,ANTANGIN HABBATUSAUDA 15ML,334.0
2025-08-01,P0047 -  PT.JAVAS TRIPTA MANDALA,8992003786840,ANTANGIN HABBATUSAUDA 15ML,212.0
2025-09-01,P0047 -  PT.JAVAS TRIPTA MANDALA,8992003786840,ANTANGIN HABBATUSAUDA 15ML,280.0
2025-10-01,P0047 -  PT.JAVAS TRIPTA MANDALA,8992003786840,ANTANGIN HABBATUSAUDA 15ML,167.0
2025-11-01,P0047 -  PT.JAVAS TRIPTA MANDALA,8992003786840,ANTANGIN HABBATUSAUDA 15ML,175.0
2025-12-01,P0047 -  PT.JAVAS TRIPTA MANDALA,8992003786840,ANTANGIN HABBATUSAUDA 15ML,288.0
2026-01-01,P0047 -  PT.JAVAS TRIPTA MANDALA,8992003786840,ANTANGIN HABBATUSAUDA 15ML,180.0
2020-02-01,P0047 -  PT.JAVAS TRIPTA MANDALA,8992003782354,ANTANGIN JRG SYRUP 15ML,144.0
2020-03-01,P0047 -  PT.JAVAS TRIPTA MANDALA,8992003782354,ANTANGIN JRG SYRUP 15ML,120.0
2020-04-01,P0047 -  PT.JAVAS TRIPTA MANDALA,8992003782354,ANTANGIN JRG SYRUP 15ML,152.0
2020-05-01,P0047 -  PT.JAVAS TRIPTA MANDALA,8992003782354,ANTANGIN JRG SYRUP 15ML,52.0
2020-06-01,P0047 -  PT.JAVAS TRIPTA MANDALA,8992003782354,ANTANGIN JRG SYRUP 15ML,156.0
2020-07-01,P0047 -  PT.JAVAS TRIPTA MANDALA,8992003782354,ANTANGIN JRG SYRUP 15ML,157.0
2020-08-01,P0047 -  PT.JAVAS TRIPTA MANDALA,8992003782354,ANTANGIN JRG SYRUP 15ML,476.0
2020-09-01,P0047 -  PT.JAVAS TRIPTA MANDALA,8992003782354,ANTANGIN JRG SYRUP 15ML,456.0
2020-10-01,P0047 -  PT.JAVAS TRIPTA MANDALA,8992003782354,ANTANGIN JRG SYRUP 15ML,461.0
2020-11-01,P0047 -  PT.JAVAS TRIPTA MANDALA,8992003782354,ANTANGIN JRG SYRUP 15ML,440.0
2020-12-01,P0047 -  PT.JAVAS TRIPTA MANDALA,8992003782354,ANTANGIN JRG SYRUP 15ML,417.0
2021-01-01,P0047 -  PT.JAVAS TRIPTA MANDALA,8992003782354,ANTANGIN JRG SYRUP 15ML,498.0
2021-02-01,P0047 -  PT.JAVAS TRIPTA MANDALA,8992003782354,ANTANGIN JRG SYRUP 15ML,444.0
2021-03-01,P0047 -  PT.JAVAS TRIPTA MANDALA,8992003782354,ANTANGIN JRG SYRUP 15ML,345.0
2021-04-01,P0047 -  PT.JAVAS TRIPTA MANDALA,8992003782354,ANTANGIN JRG SYRUP 15ML,235.0
2021-05-01,P0047 -  PT.JAVAS TRIPTA MANDALA,8992003782354,ANTANGIN JRG SYRUP 15ML,287.0
2021-06-01,P0047 -  PT.JAVAS TRIPTA MANDALA,8992003782354,ANTANGIN JRG SYRUP 15ML,0.0
2021-07-01,P0047 -  PT.JAVAS TRIPTA MANDALA,8992003782354,ANTANGIN JRG SYRUP 15ML,0.0
2021-08-01,P0047 -  PT.JAVAS TRIPTA MANDALA,8992003782354,ANTANGIN JRG SYRUP 15ML,16.0
2021-09-01,P0047 -  PT.JAVAS TRIPTA MANDALA,8992003782354,ANTANGIN JRG SYRUP 15ML,288.0
2021-10-01,P0047 -  PT.JAVAS TRIPTA MANDALA,8992003782354,ANTANGIN JRG SYRUP 15ML,343.0
2021-11-01,P0047 -  PT.JAVAS TRIPTA MANDALA,8992003782354,ANTANGIN JRG SYRUP 15ML,383.0
2021-12-01,P0047 -  PT.JAVAS TRIPTA MANDALA,8992003782354,ANTANGIN JRG SYRUP 15ML,597.0
2022-01-01,P0047 -  PT.JAVAS TRIPTA MANDALA,8992003782354,ANTANGIN JRG SYRUP 15ML,638.0
2022-02-01,P0047 -  PT.JAVAS TRIPTA MANDALA,8992003782354,ANTANGIN JRG SYRUP 15ML,434.0
2022-03-01,P0047 -  PT.JAVAS TRIPTA MANDALA,8992003782354,ANTANGIN JRG SYRUP 15ML,550.0
2022-04-01,P0047 -  PT.JAVAS TRIPTA MANDALA,8992003782354,ANTANGIN JRG SYRUP 15ML,427.0
2022-05-01,P0047 -  PT.JAVAS TRIPTA MANDALA,8992003782354,ANTANGIN JRG SYRUP 15ML,590.0
2022-06-01,P0047 -  PT.JAVAS TRIPTA MANDALA,8992003782354,ANTANGIN JRG SYRUP 15ML,640.0
2022-07-01,P0047 -  PT.JAVAS TRIPTA MANDALA,8992003782354,ANTANGIN JRG SYRUP 15ML,596.0
2022-08-01,P0047 -  PT.JAVAS TRIPTA MANDALA,8992003782354,ANTANGIN JRG SYRUP 15ML,586.0
2022-09-01,P0047 -  PT.JAVAS TRIPTA MANDALA,8992003782354,ANTANGIN JRG SYRUP 15ML,541.0
2022-10-01,P0047 -  PT.JAVAS TRIPTA MANDALA,8992003782354,ANTANGIN JRG SYRUP 15ML,577.0
2022-11-01,P0047 -  PT.JAVAS TRIPTA MANDALA,8992003782354,ANTANGIN JRG SYRUP 15ML,842.0
2022-12-01,P0047 -  PT.JAVAS TRIPTA MANDALA,8992003782354,ANTANGIN JRG SYRUP 15ML,906.0
2023-01-01,P0047 -  PT.JAVAS TRIPTA MANDALA,8992003782354,ANTANGIN JRG SYRUP 15ML,660.0
2023-02-01,P0047 -  PT.JAVAS TRIPTA MANDALA,8992003782354,ANTANGIN JRG SYRUP 15ML,575.0
2023-03-01,P0047 -  PT.JAVAS TRIPTA MANDALA,8992003782354,ANTANGIN JRG SYRUP 15ML,484.0
2023-04-01,P0047 -  PT.JAVAS TRIPTA MANDALA,8992003782354,ANTANGIN JRG SYRUP 15ML,370.0
2023-05-01,P0047 -  PT.JAVAS TRIPTA MANDALA,8992003782354,ANTANGIN JRG SYRUP 15ML,586.0
2023-06-01,P0047 -  PT.JAVAS TRIPTA MANDALA,8992003782354,ANTANGIN JRG SYRUP 15ML,387.0
2023-07-01,P0047 -  PT.JAVAS TRIPTA MANDALA,8992003782354,ANTANGIN JRG SYRUP 15ML,706.0
2023-08-01,P0047 -  PT.JAVAS TRIPTA MANDALA,8992003782354,ANTANGIN JRG SYRUP 15ML,589.0
2023-09-01,P0047 -  PT.JAVAS TRIPTA MANDALA,8992003782354,ANTANGIN JRG SYRUP 15ML,539.0
2023-10-01,P0047 -  PT.JAVAS TRIPTA MANDALA,8992003782354,ANTANGIN JRG SYRUP 15ML,513.0
2023-11-01,P0047 -  PT.JAVAS TRIPTA MANDALA,8992003782354,ANTANGIN JRG SYRUP 15ML,525.0
2023-12-01,P0047 -  PT.JAVAS TRIPTA MANDALA,8992003782354,ANTANGIN JRG SYRUP 15ML,576.0
2024-01-01,P0047 -  PT.JAVAS TRIPTA MANDALA,8992003782354,ANTANGIN JRG SYRUP 15ML,597.0
2024-02-01,P0047 -  PT.JAVAS TRIPTA MANDALA,8992003782354,ANTANGIN JRG SYRUP 15ML,628.0
2024-03-01,P0047 -  PT.JAVAS TRIPTA MANDALA,8992003782354,ANTANGIN JRG SYRUP 15ML,518.0
2024-04-01,P0047 -  PT.JAVAS TRIPTA MANDALA,8992003782354,ANTANGIN JRG SYRUP 15ML,538.0
2024-05-01,P0047 -  PT.JAVAS TRIPTA MANDALA,8992003782354,ANTANGIN JRG SYRUP 15ML,615.0
2024-06-01,P0047 -  PT.JAVAS TRIPTA MANDALA,8992003782354,ANTANGIN JRG SYRUP 15ML,475.0
2024-07-01,P0047 -  PT.JAVAS TRIPTA MANDALA,8992003782354,ANTANGIN JRG SYRUP 15ML,563.0
2024-08-01,P0047 -  PT.JAVAS TRIPTA MANDALA,8992003782354,ANTANGIN JRG SYRUP 15ML,553.0
2024-09-01,P0047 -  PT.JAVAS TRIPTA MANDALA,8992003782354,ANTANGIN JRG SYRUP 15ML,647.0
2024-10-01,P0047 -  PT.JAVAS TRIPTA MANDALA,8992003782354,ANTANGIN JRG SYRUP 15ML,424.0
2024-11-01,P0047 -  PT.JAVAS TRIPTA MANDALA,8992003782354,ANTANGIN JRG SYRUP 15ML,500.0
2024-12-01,P0047 -  PT.JAVAS TRIPTA MANDALA,8992003782354,ANTANGIN JRG SYRUP 15ML,531.0
2025-01-01,P0047 -  PT.JAVAS TRIPTA MANDALA,8992003782354,ANTANGIN JRG SYRUP 15ML,505.0
2025-02-01,P0047 -  PT.JAVAS TRIPTA MANDALA,8992003782354,ANTANGIN JRG SYRUP 15ML,415.0
2025-03-01,P0047 -  PT.JAVAS TRIPTA MANDALA,8992003782354,ANTANGIN JRG SYRUP 15ML,353.0
2025-04-01,P0047 -  PT.JAVAS TRIPTA MANDALA,8992003782354,ANTANGIN JRG SYRUP 15ML,368.0
2025-05-01,P0047 -  PT.JAVAS TRIPTA MANDALA,8992003782354,ANTANGIN JRG SYRUP 15ML,595.0
2025-06-01,P0047 -  PT.JAVAS TRIPTA MANDALA,8992003782354,ANTANGIN JRG SYRUP 15ML,737.0
2025-07-01,P0047 -  PT.JAVAS TRIPTA MANDALA,8992003782354,ANTANGIN JRG SYRUP 15ML,712.0
2025-08-01,P0047 -  PT.JAVAS TRIPTA MANDALA,8992003782354,ANTANGIN JRG SYRUP 15ML,581.0
2025-09-01,P0047 -  PT.JAVAS TRIPTA MANDALA,8992003782354,ANTANGIN JRG SYRUP 15ML,623.0
2025-10-01,P0047 -  PT.JAVAS TRIPTA MANDALA,8992003782354,ANTANGIN JRG SYRUP 15ML,682.0
2025-11-01,P0047 -  PT.JAVAS TRIPTA MANDALA,8992003782354,ANTANGIN JRG SYRUP 15ML,738.0
2025-12-01,P0047 -  PT.JAVAS TRIPTA MANDALA,8992003782354,ANTANGIN JRG SYRUP 15ML,736.0
2026-01-01,P0047 -  PT.JAVAS TRIPTA MANDALA,8992003782354,ANTANGIN JRG SYRUP 15ML,521.0
2020-02-01,P0047 -  PT.JAVAS TRIPTA MANDALA,8992003783665,ANTANGIN JUNIOR SYRUP 10 ML,38.0
2020-03-01,P0047 -  PT.JAVAS TRIPTA MANDALA,8992003783665,ANTANGIN JUNIOR SYRUP 10 ML,34.0
2020-04-01,P0047 -  PT.JAVAS TRIPTA MANDALA,8992003783665,ANTANGIN JUNIOR SYRUP 10 ML,24.0
2020-05-01,P0047 -  PT.JAVAS TRIPTA MANDALA,8992003783665,ANTANGIN JUNIOR SYRUP 10 ML,3.0
2020-06-01,P0047 -  PT.JAVAS TRIPTA MANDALA,8992003783665,ANTANGIN JUNIOR SYRUP 10 ML,47.0
2020-07-01,P0047 -  PT.JAVAS TRIPTA MANDALA,8992003783665,ANTANGIN JUNIOR SYRUP 10 ML,74.0
2020-08-01,P0047 -  PT.JAVAS TRIPTA MANDALA,8992003783665,ANTANGIN JUNIOR SYRUP 10 ML,72.0
2020-09-01,P0047 -  PT.JAVAS TRIPTA MANDALA,8992003783665,ANTANGIN JUNIOR SYRUP 10 ML,58.0
2020-10-01,P0047 -  PT.JAVAS TRIPTA MANDALA,8992003783665,ANTANGIN JUNIOR SYRUP 10 ML,76.0
2020-11-01,P0047 -  PT.JAVAS TRIPTA MANDALA,8992003783665,ANTANGIN JUNIOR SYRUP 10 ML,74.0
2020-12-01,P0047 -  PT.JAVAS TRIPTA MANDALA,8992003783665,ANTANGIN JUNIOR SYRUP 10 ML,84.0
2021-01-01,P0047 -  PT.JAVAS TRIPTA MANDALA,8992003783665,ANTANGIN JUNIOR SYRUP 10 ML,70.0
2021-02-01,P0047 -  PT.JAVAS TRIPTA MANDALA,8992003783665,ANTANGIN JUNIOR SYRUP 10 ML,101.0
2021-03-01,P0047 -  PT.JAVAS TRIPTA MANDALA,8992003783665,ANTANGIN JUNIOR SYRUP 10 ML,102.0
2021-04-01,P0047 -  PT.JAVAS TRIPTA MANDALA,8992003783665,ANTANGIN JUNIOR SYRUP 10 ML,48.0
2021-05-01,P0047 -  PT.JAVAS TRIPTA MANDALA,8992003783665,ANTANGIN JUNIOR SYRUP 10 ML,22.0
2021-06-01,P0047 -  PT.JAVAS TRIPTA MANDALA,8992003783665,ANTANGIN JUNIOR SYRUP 10 ML,0.0
2021-07-01,P0047 -  PT.JAVAS TRIPTA MANDALA,8992003783665,ANTANGIN JUNIOR SYRUP 10 ML,0.0
2021-08-01,P0047 -  PT.JAVAS TRIPTA MANDALA,8992003783665,ANTANGIN JUNIOR SYRUP 10 ML,5.0
2021-09-01,P0047 -  PT.JAVAS TRIPTA MANDALA,8992003783665,ANTANGIN JUNIOR SYRUP 10 ML,47.0
2021-10-01,P0047 -  PT.JAVAS TRIPTA MANDALA,8992003783665,ANTANGIN JUNIOR SYRUP 10 ML,23.0
2021-11-01,P0047 -  PT.JAVAS TRIPTA MANDALA,8992003783665,ANTANGIN JUNIOR SYRUP 10 ML,46.0
2021-12-01,P0047 -  PT.JAVAS TRIPTA MANDALA,8992003783665,ANTANGIN JUNIOR SYRUP 10 ML,77.0
2022-01-01,P0047 -  PT.JAVAS TRIPTA MANDALA,8992003783665,ANTANGIN JUNIOR SYRUP 10 ML,38.0
2022-02-01,P0047 -  PT.JAVAS TRIPTA MANDALA,8992003783665,ANTANGIN JUNIOR SYRUP 10 ML,49.0
2022-03-01,P0047 -  PT.JAVAS TRIPTA MANDALA,8992003783665,ANTANGIN JUNIOR SYRUP 10 ML,45.0
2022-04-01,P0047 -  PT.JAVAS TRIPTA MANDALA,8992003783665,ANTANGIN JUNIOR SYRUP 10 ML,37.0
2022-05-01,P0047 -  PT.JAVAS TRIPTA MANDALA,8992003783665,ANTANGIN JUNIOR SYRUP 10 ML,68.0
2022-06-01,P0047 -  PT.JAVAS TRIPTA MANDALA,8992003783665,ANTANGIN JUNIOR SYRUP 10 ML,142.0
2022-07-01,P0047 -  PT.JAVAS TRIPTA MANDALA,8992003783665,ANTANGIN JUNIOR SYRUP 10 ML,141.0
2022-08-01,P0047 -  PT.JAVAS TRIPTA MANDALA,8992003783665,ANTANGIN JUNIOR SYRUP 10 ML,105.0
2022-09-01,P0047 -  PT.JAVAS TRIPTA MANDALA,8992003783665,ANTANGIN JUNIOR SYRUP 10 ML,101.0
2022-10-01,P0047 -  PT.JAVAS TRIPTA MANDALA,8992003783665,ANTANGIN JUNIOR SYRUP 10 ML,120.0
2022-11-01,P0047 -  PT.JAVAS TRIPTA MANDALA,8992003783665,ANTANGIN JUNIOR SYRUP 10 ML,96.0
2022-12-01,P0047 -  PT.JAVAS TRIPTA MANDALA,8992003783665,ANTANGIN JUNIOR SYRUP 10 ML,90.0
2023-01-01,P0047 -  PT.JAVAS TRIPTA MANDALA,8992003783665,ANTANGIN JUNIOR SYRUP 10 ML,59.0
2023-02-01,P0047 -  PT.JAVAS TRIPTA MANDALA,8992003783665,ANTANGIN JUNIOR SYRUP 10 ML,108.0
2023-03-01,P0047 -  PT.JAVAS TRIPTA MANDALA,8992003783665,ANTANGIN JUNIOR SYRUP 10 ML,37.0
2023-04-01,P0047 -  PT.JAVAS TRIPTA MANDALA,8992003783665,ANTANGIN JUNIOR SYRUP 10 ML,102.0
2023-05-01,P0047 -  PT.JAVAS TRIPTA MANDALA,8992003783665,ANTANGIN JUNIOR SYRUP 10 ML,66.0
2023-06-01,P0047 -  PT.JAVAS TRIPTA MANDALA,8992003783665,ANTANGIN JUNIOR SYRUP 10 ML,102.0
2023-07-01,P0047 -  PT.JAVAS TRIPTA MANDALA,8992003783665,ANTANGIN JUNIOR SYRUP 10 ML,118.0
2023-08-01,P0047 -  PT.JAVAS TRIPTA MANDALA,8992003783665,ANTANGIN JUNIOR SYRUP 10 ML,55.0
2023-09-01,P0047 -  PT.JAVAS TRIPTA MANDALA,8992003783665,ANTANGIN JUNIOR SYRUP 10 ML,49.0
2023-10-01,P0047 -  PT.JAVAS TRIPTA MANDALA,8992003783665,ANTANGIN JUNIOR SYRUP 10 ML,75.0
2023-11-01,P0047 -  PT.JAVAS TRIPTA MANDALA,8992003783665,ANTANGIN JUNIOR SYRUP 10 ML,104.0
2023-12-01,P0047 -  PT.JAVAS TRIPTA MANDALA,8992003783665,ANTANGIN JUNIOR SYRUP 10 ML,112.0
2024-01-01,P0047 -  PT.JAVAS TRIPTA MANDALA,8992003783665,ANTANGIN JUNIOR SYRUP 10 ML,93.0
2024-02-01,P0047 -  PT.JAVAS TRIPTA MANDALA,8992003783665,ANTANGIN JUNIOR SYRUP 10 ML,44.0
2024-03-01,P0047 -  PT.JAVAS TRIPTA MANDALA,8992003783665,ANTANGIN JUNIOR SYRUP 10 ML,33.0
2024-04-01,P0047 -  PT.JAVAS TRIPTA MANDALA,8992003783665,ANTANGIN JUNIOR SYRUP 10 ML,55.0
2024-05-01,P0047 -  PT.JAVAS TRIPTA MANDALA,8992003783665,ANTANGIN JUNIOR SYRUP 10 ML,31.0
2024-06-01,P0047 -  PT.JAVAS TRIPTA MANDALA,8992003783665,ANTANGIN JUNIOR SYRUP 10 ML,90.0
2024-07-01,P0047 -  PT.JAVAS TRIPTA MANDALA,8992003783665,ANTANGIN JUNIOR SYRUP 10 ML,50.0
2024-08-01,P0047 -  PT.JAVAS TRIPTA MANDALA,8992003783665,ANTANGIN JUNIOR SYRUP 10 ML,35.0
2024-09-01,P0047 -  PT.JAVAS TRIPTA MANDALA,8992003783665,ANTANGIN JUNIOR SYRUP 10 ML,43.0
2024-10-01,P0047 -  PT.JAVAS TRIPTA MANDALA,8992003783665,ANTANGIN JUNIOR SYRUP 10 ML,48.0
2024-11-01,P0047 -  PT.JAVAS TRIPTA MANDALA,8992003783665,ANTANGIN JUNIOR SYRUP 10 ML,47.0
2024-12-01,P0047 -  PT.JAVAS TRIPTA MANDALA,8992003783665,ANTANGIN JUNIOR SYRUP 10 ML,113.0
2025-01-01,P0047 -  PT.JAVAS TRIPTA MANDALA,8992003783665,ANTANGIN JUNIOR SYRUP 10 ML,104.0
2025-02-01,P0047 -  PT.JAVAS TRIPTA MANDALA,8992003783665,ANTANGIN JUNIOR SYRUP 10 ML,98.0
2025-03-01,P0047 -  PT.JAVAS TRIPTA MANDALA,8992003783665,ANTANGIN JUNIOR SYRUP 10 ML,53.0
2025-04-01,P0047 -  PT.JAVAS TRIPTA MANDALA,8992003783665,ANTANGIN JUNIOR SYRUP 10 ML,76.0
2025-05-01,P0047 -  PT.JAVAS TRIPTA MANDALA,8992003783665,ANTANGIN JUNIOR SYRUP 10 ML,99.0
2025-06-01,P0047 -  PT.JAVAS TRIPTA MANDALA,8992003783665,ANTANGIN JUNIOR SYRUP 10 ML,126.0
2025-07-01,P0047 -  PT.JAVAS TRIPTA MANDALA,8992003783665,ANTANGIN JUNIOR SYRUP 10 ML,86.0
2025-08-01,P0047 -  PT.JAVAS TRIPTA MANDALA,8992003783665,ANTANGIN JUNIOR SYRUP 10 ML,98.0
2025-09-01,P0047 -  PT.JAVAS TRIPTA MANDALA,8992003783665,ANTANGIN JUNIOR SYRUP 10 ML,95.0
2025-10-01,P0047 -  PT.JAVAS TRIPTA MANDALA,8992003783665,ANTANGIN JUNIOR SYRUP 10 ML,96.0
2025-11-01,P0047 -  PT.JAVAS TRIPTA MANDALA,8992003783665,ANTANGIN JUNIOR SYRUP 10 ML,64.0
2025-12-01,P0047 -  PT.JAVAS TRIPTA MANDALA,8992003783665,ANTANGIN JUNIOR SYRUP 10 ML,104.0
2026-01-01,P0047 -  PT.JAVAS TRIPTA MANDALA,8992003783665,ANTANGIN JUNIOR SYRUP 10 ML,90.0
2023-10-01,P0047 -  PT.JAVAS TRIPTA MANDALA,8992003786499,OB HERBAL 30ML,1.0
2023-11-01,P0047 -  PT.JAVAS TRIPTA MANDALA,8992003786499,OB HERBAL 30ML,1.0
2023-12-01,P0047 -  PT.JAVAS TRIPTA MANDALA,8992003786499,OB HERBAL 30ML,3.0
2024-01-01,P0047 -  PT.JAVAS TRIPTA MANDALA,8992003786499,OB HERBAL 30ML,2.0
2024-02-01,P0047 -  PT.JAVAS TRIPTA MANDALA,8992003786499,OB HERBAL 30ML,1.0
2024-03-01,P0047 -  PT.JAVAS TRIPTA MANDALA,8992003786499,OB HERBAL 30ML,0.0
2024-04-01,P0047 -  PT.JAVAS TRIPTA MANDALA,8992003786499,OB HERBAL 30ML,4.0
2024-05-01,P0047 -  PT.JAVAS TRIPTA MANDALA,8992003786499,OB HERBAL 30ML,7.0
2024-06-01,P0047 -  PT.JAVAS TRIPTA MANDALA,8992003786499,OB HERBAL 30ML,2.0
2024-07-01,P0047 -  PT.JAVAS TRIPTA MANDALA,8992003786499,OB HERBAL 30ML,3.0
2024-08-01,P0047 -  PT.JAVAS TRIPTA MANDALA,8992003786499,OB HERBAL 30ML,1.0
2024-09-01,P0047 -  PT.JAVAS TRIPTA MANDALA,8992003786499,OB HERBAL 30ML,3.0
2024-10-01,P0047 -  PT.JAVAS TRIPTA MANDALA,8992003786499,OB HERBAL 30ML,4.0
2024-11-01,P0047 -  PT.JAVAS TRIPTA MANDALA,8992003786499,OB HERBAL 30ML,1.0
2024-12-01,P0047 -  PT.JAVAS TRIPTA MANDALA,8992003786499,OB HERBAL 30ML,3.0
2025-01-01,P0047 -  PT.JAVAS TRIPTA MANDALA,8992003786499,OB HERBAL 30ML,2.0
2025-02-01,P0047 -  PT.JAVAS TRIPTA MANDALA,8992003786499,OB HERBAL 30ML,3.0
2025-03-01,P0047 -  PT.JAVAS TRIPTA MANDALA,8992003786499,OB HERBAL 30ML,6.0
2025-04-01,P0047 -  PT.JAVAS TRIPTA MANDALA,8992003786499,OB HERBAL 30ML,2.0
2025-05-01,P0047 -  PT.JAVAS TRIPTA MANDALA,8992003786499,OB HERBAL 30ML,4.0
2025-06-01,P0047 -  PT.JAVAS TRIPTA MANDALA,8992003786499,OB HERBAL 30ML,1.0
2025-07-01,P0047 -  PT.JAVAS TRIPTA MANDALA,8992003786499,OB HERBAL 30ML,8.0
2025-08-01,P0047 -  PT.JAVAS TRIPTA MANDALA,8992003786499,OB HERBAL 30ML,9.0
2025-09-01,P0047 -  PT.JAVAS TRIPTA MANDALA,8992003786499,OB HERBAL 30ML,7.0
2025-10-01,P0047 -  PT.JAVAS TRIPTA MANDALA,8992003786499,OB HERBAL 30ML,5.0
2025-11-01,P0047 -  PT.JAVAS TRIPTA MANDALA,8992003786499,OB HERBAL 30ML,4.0
2025-12-01,P0047 -  PT.JAVAS TRIPTA MANDALA,8992003786499,OB HERBAL 30ML,4.0
2026-01-01,P0047 -  PT.JAVAS TRIPTA MANDALA,8992003786499,OB HERBAL 30ML,5.0
2023-10-01,P0047 -  PT.JAVAS TRIPTA MANDALA,8992003782453,OB HERBAL 60ML,1.0
2023-11-01,P0047 -  PT.JAVAS TRIPTA MANDALA,8992003782453,OB HERBAL 60ML,1.0
2023-12-01,P0047 -  PT.JAVAS TRIPTA MANDALA,8992003782453,OB HERBAL 60ML,5.0
2024-01-01,P0047 -  PT.JAVAS TRIPTA MANDALA,8992003782453,OB HERBAL 60ML,3.0
2024-02-01,P0047 -  PT.JAVAS TRIPTA MANDALA,8992003782453,OB HERBAL 60ML,3.0
2024-03-01,P0047 -  PT.JAVAS TRIPTA MANDALA,8992003782453,OB HERBAL 60ML,4.0
2024-04-01,P0047 -  PT.JAVAS TRIPTA MANDALA,8992003782453,OB HERBAL 60ML,3.0
2024-05-01,P0047 -  PT.JAVAS TRIPTA MANDALA,8992003782453,OB HERBAL 60ML,3.0
2024-06-01,P0047 -  PT.JAVAS TRIPTA MANDALA,8992003782453,OB HERBAL 60ML,3.0
2024-07-01,P0047 -  PT.JAVAS TRIPTA MANDALA,8992003782453,OB HERBAL 60ML,3.0
2024-08-01,P0047 -  PT.JAVAS TRIPTA MANDALA,8992003782453,OB HERBAL 60ML,5.0
2024-09-01,P0047 -  PT.JAVAS TRIPTA MANDALA,8992003782453,OB HERBAL 60ML,5.0
2024-10-01,P0047 -  PT.JAVAS TRIPTA MANDALA,8992003782453,OB HERBAL 60ML,1.0
2024-11-01,P0047 -  PT.JAVAS TRIPTA MANDALA,8992003782453,OB HERBAL 60ML,0.0
2024-12-01,P0047 -  PT.JAVAS TRIPTA MANDALA,8992003782453,OB HERBAL 60ML,5.0
2025-01-01,P0047 -  PT.JAVAS TRIPTA MANDALA,8992003782453,OB HERBAL 60ML,5.0
2025-02-01,P0047 -  PT.JAVAS TRIPTA MANDALA,8992003782453,OB HERBAL 60ML,2.0
2025-03-01,P0047 -  PT.JAVAS TRIPTA MANDALA,8992003782453,OB HERBAL 60ML,5.0
2025-04-01,P0047 -  PT.JAVAS TRIPTA MANDALA,8992003782453,OB HERBAL 60ML,1.0
2025-05-01,P0047 -  PT.JAVAS TRIPTA MANDALA,8992003782453,OB HERBAL 60ML,2.0
2025-06-01,P0047 -  PT.JAVAS TRIPTA MANDALA,8992003782453,OB HERBAL 60ML,3.0
2025-07-01,P0047 -  PT.JAVAS TRIPTA MANDALA,8992003782453,OB HERBAL 60ML,0.0
2025-08-01,P0047 -  PT.JAVAS TRIPTA MANDALA,8992003782453,OB HERBAL 60ML,5.0
2025-09-01,P0047 -  PT.JAVAS TRIPTA MANDALA,8992003782453,OB HERBAL 60ML,3.0
2025-10-01,P0047 -  PT.JAVAS TRIPTA MANDALA,8992003782453,OB HERBAL 60ML,8.0
2025-11-01,P0047 -  PT.JAVAS TRIPTA MANDALA,8992003782453,OB HERBAL 60ML,4.0
2025-12-01,P0047 -  PT.JAVAS TRIPTA MANDALA,8992003782453,OB HERBAL 60ML,4.0
2026-01-01,P0047 -  PT.JAVAS TRIPTA MANDALA,8992003782453,OB HERBAL 60ML,6.0
2023-05-01,P0047 -  PT.JAVAS TRIPTA MANDALA,8992003783375,PERMEN ANTANGIN ASSORTED BAG 100GR/25,25.0
2023-06-01,P0047 -  PT.JAVAS TRIPTA MANDALA,8992003783375,PERMEN ANTANGIN ASSORTED BAG 100GR/25,60.0
2023-07-01,P0047 -  PT.JAVAS TRIPTA MANDALA,8992003783375,PERMEN ANTANGIN ASSORTED BAG 100GR/25,75.0
2023-08-01,P0047 -  PT.JAVAS TRIPTA MANDALA,8992003783375,PERMEN ANTANGIN ASSORTED BAG 100GR/25,40.0
2023-09-01,P0047 -  PT.JAVAS TRIPTA MANDALA,8992003783375,PERMEN ANTANGIN ASSORTED BAG 100GR/25,45.0
2023-10-01,P0047 -  PT.JAVAS TRIPTA MANDALA,8992003783375,PERMEN ANTANGIN ASSORTED BAG 100GR/25,73.0
2023-11-01,P0047 -  PT.JAVAS TRIPTA MANDALA,8992003783375,PERMEN ANTANGIN ASSORTED BAG 100GR/25,42.0
2023-12-01,P0047 -  PT.JAVAS TRIPTA MANDALA,8992003783375,PERMEN ANTANGIN ASSORTED BAG 100GR/25,39.0
2024-01-01,P0047 -  PT.JAVAS TRIPTA MANDALA,8992003783375,PERMEN ANTANGIN ASSORTED BAG 100GR/25,54.0
2024-02-01,P0047 -  PT.JAVAS TRIPTA MANDALA,8992003783375,PERMEN ANTANGIN ASSORTED BAG 100GR/25,28.0
2024-03-01,P0047 -  PT.JAVAS TRIPTA MANDALA,8992003783375,PERMEN ANTANGIN ASSORTED BAG 100GR/25,35.0
2024-04-01,P0047 -  PT.JAVAS TRIPTA MANDALA,8992003783375,PERMEN ANTANGIN ASSORTED BAG 100GR/25,8.0
2024-05-01,P0047 -  PT.JAVAS TRIPTA MANDALA,8992003783375,PERMEN ANTANGIN ASSORTED BAG 100GR/25,25.0
2024-06-01,P0047 -  PT.JAVAS TRIPTA MANDALA,8992003783375,PERMEN ANTANGIN ASSORTED BAG 100GR/25,47.0
2024-07-01,P0047 -  PT.JAVAS TRIPTA MANDALA,8992003783375,PERMEN ANTANGIN ASSORTED BAG 100GR/25,55.0
2024-08-01,P0047 -  PT.JAVAS TRIPTA MANDALA,8992003783375,PERMEN ANTANGIN ASSORTED BAG 100GR/25,50.0
2024-09-01,P0047 -  PT.JAVAS TRIPTA MANDALA,8992003783375,PERMEN ANTANGIN ASSORTED BAG 100GR/25,54.0
2024-10-01,P0047 -  PT.JAVAS TRIPTA MANDALA,8992003783375,PERMEN ANTANGIN ASSORTED BAG 100GR/25,60.0
2024-11-01,P0047 -  PT.JAVAS TRIPTA MANDALA,8992003783375,PERMEN ANTANGIN ASSORTED BAG 100GR/25,74.0
2024-12-01,P0047 -  PT.JAVAS TRIPTA MANDALA,8992003783375,PERMEN ANTANGIN ASSORTED BAG 100GR/25,92.0
2025-01-01,P0047 -  PT.JAVAS TRIPTA MANDALA,8992003783375,PERMEN ANTANGIN ASSORTED BAG 100GR/25,73.0
2025-02-01,P0047 -  PT.JAVAS TRIPTA MANDALA,8992003783375,PERMEN ANTANGIN ASSORTED BAG 100GR/25,51.0
2025-03-01,P0047 -  PT.JAVAS TRIPTA MANDALA,8992003783375,PERMEN ANTANGIN ASSORTED BAG 100GR/25,94.0
2025-04-01,P0047 -  PT.JAVAS TRIPTA MANDALA,8992003783375,PERMEN ANTANGIN ASSORTED BAG 100GR/25,38.0
2025-05-01,P0047 -  PT.JAVAS TRIPTA MANDALA,8992003783375,PERMEN ANTANGIN ASSORTED BAG 100GR/25,65.0
2025-06-01,P0047 -  PT.JAVAS TRIPTA MANDALA,8992003783375,PERMEN ANTANGIN ASSORTED BAG 100GR/25,64.0
2025-07-01,P0047 -  PT.JAVAS TRIPTA MANDALA,8992003783375,PERMEN ANTANGIN ASSORTED BAG 100GR/25,76.0
2025-08-01,P0047 -  PT.JAVAS TRIPTA MANDALA,8992003783375,PERMEN ANTANGIN ASSORTED BAG 100GR/25,73.0
2025-09-01,P0047 -  PT.JAVAS TRIPTA MANDALA,8992003783375,PERMEN ANTANGIN ASSORTED BAG 100GR/25,58.0
2025-10-01,P0047 -  PT.JAVAS TRIPTA MANDALA,8992003783375,PERMEN ANTANGIN ASSORTED BAG 100GR/25,46.0
2025-11-01,P0047 -  PT.JAVAS TRIPTA MANDALA,8992003783375,PERMEN ANTANGIN ASSORTED BAG 100GR/25,64.0
2025-12-01,P0047 -  PT.JAVAS TRIPTA MANDALA,8992003783375,PERMEN ANTANGIN ASSORTED BAG 100GR/25,75.0
2026-01-01,P0047 -  PT.JAVAS TRIPTA MANDALA,8992003783375,PERMEN ANTANGIN ASSORTED BAG 100GR/25,63.0
2023-10-01,P0047 -  PT.JAVAS TRIPTA MANDALA,8992003787243,PERMEN TEJAHE BAG JAHE MERAH 100GR /25,21.0
2023-11-01,P0047 -  PT.JAVAS TRIPTA MANDALA,8992003787243,PERMEN TEJAHE BAG JAHE MERAH 100GR /25,6.0
2023-12-01,P0047 -  PT.JAVAS TRIPTA MANDALA,8992003787243,PERMEN TEJAHE BAG JAHE MERAH 100GR /25,15.0
2024-01-01,P0047 -  PT.JAVAS TRIPTA MANDALA,8992003787243,PERMEN TEJAHE BAG JAHE MERAH 100GR /25,23.0
2024-02-01,P0047 -  PT.JAVAS TRIPTA MANDALA,8992003787243,PERMEN TEJAHE BAG JAHE MERAH 100GR /25,27.0
2024-03-01,P0047 -  PT.JAVAS TRIPTA MANDALA,8992003787243,PERMEN TEJAHE BAG JAHE MERAH 100GR /25,18.0
2024-04-01,P0047 -  PT.JAVAS TRIPTA MANDALA,8992003787243,PERMEN TEJAHE BAG JAHE MERAH 100GR /25,25.0
2024-05-01,P0047 -  PT.JAVAS TRIPTA MANDALA,8992003787243,PERMEN TEJAHE BAG JAHE MERAH 100GR /25,10.0
2024-06-01,P0047 -  PT.JAVAS TRIPTA MANDALA,8992003787243,PERMEN TEJAHE BAG JAHE MERAH 100GR /25,38.0
2024-07-01,P0047 -  PT.JAVAS TRIPTA MANDALA,8992003787243,PERMEN TEJAHE BAG JAHE MERAH 100GR /25,25.0
2024-08-01,P0047 -  PT.JAVAS TRIPTA MANDALA,8992003787243,PERMEN TEJAHE BAG JAHE MERAH 100GR /25,20.0
2024-09-01,P0047 -  PT.JAVAS TRIPTA MANDALA,8992003787243,PERMEN TEJAHE BAG JAHE MERAH 100GR /25,14.0
2024-10-01,P0047 -  PT.JAVAS TRIPTA MANDALA,8992003787243,PERMEN TEJAHE BAG JAHE MERAH 100GR /25,18.0
2024-11-01,P0047 -  PT.JAVAS TRIPTA MANDALA,8992003787243,PERMEN TEJAHE BAG JAHE MERAH 100GR /25,23.0
2024-12-01,P0047 -  PT.JAVAS TRIPTA MANDALA,8992003787243,PERMEN TEJAHE BAG JAHE MERAH 100GR /25,61.0
2025-01-01,P0047 -  PT.JAVAS TRIPTA MANDALA,8992003787243,PERMEN TEJAHE BAG JAHE MERAH 100GR /25,26.0
2025-02-01,P0047 -  PT.JAVAS TRIPTA MANDALA,8992003787243,PERMEN TEJAHE BAG JAHE MERAH 100GR /25,18.0
2025-03-01,P0047 -  PT.JAVAS TRIPTA MANDALA,8992003787243,PERMEN TEJAHE BAG JAHE MERAH 100GR /25,36.0
2025-04-01,P0047 -  PT.JAVAS TRIPTA MANDALA,8992003787243,PERMEN TEJAHE BAG JAHE MERAH 100GR /25,17.0
2025-05-01,P0047 -  PT.JAVAS TRIPTA MANDALA,8992003787243,PERMEN TEJAHE BAG JAHE MERAH 100GR /25,29.0
2025-06-01,P0047 -  PT.JAVAS TRIPTA MANDALA,8992003787243,PERMEN TEJAHE BAG JAHE MERAH 100GR /25,32.0
2025-07-01,P0047 -  PT.JAVAS TRIPTA MANDALA,8992003787243,PERMEN TEJAHE BAG JAHE MERAH 100GR /25,22.0
2025-08-01,P0047 -  PT.JAVAS TRIPTA MANDALA,8992003787243,PERMEN TEJAHE BAG JAHE MERAH 100GR /25,47.0
2025-09-01,P0047 -  PT.JAVAS TRIPTA MANDALA,8992003787243,PERMEN TEJAHE BAG JAHE MERAH 100GR /25,33.0
2025-10-01,P0047 -  PT.JAVAS TRIPTA MANDALA,8992003787243,PERMEN TEJAHE BAG JAHE MERAH 100GR /25,37.0
2025-11-01,P0047 -  PT.JAVAS TRIPTA MANDALA,8992003787243,PERMEN TEJAHE BAG JAHE MERAH 100GR /25,34.0
2025-12-01,P0047 -  PT.JAVAS TRIPTA MANDALA,8992003787243,PERMEN TEJAHE BAG JAHE MERAH 100GR /25,37.0
2026-01-01,P0047 -  PT.JAVAS TRIPTA MANDALA,8992003787243,PERMEN TEJAHE BAG JAHE MERAH 100GR /25,42.0
2023-10-01,P0047 -  PT.JAVAS TRIPTA MANDALA,8992003787229,PERMEN ZIPLONG EUCALYPTUS MINT 100GR,10.0
2023-11-01,P0047 -  PT.JAVAS TRIPTA MANDALA,8992003787229,PERMEN ZIPLONG EUCALYPTUS MINT 100GR,8.0
2023-12-01,P0047 -  PT.JAVAS TRIPTA MANDALA,8992003787229,PERMEN ZIPLONG EUCALYPTUS MINT 100GR,12.0
2024-01-01,P0047 -  PT.JAVAS TRIPTA MANDALA,8992003787229,PERMEN ZIPLONG EUCALYPTUS MINT 100GR,9.0
2024-02-01,P0047 -  PT.JAVAS TRIPTA MANDALA,8992003787229,PERMEN ZIPLONG EUCALYPTUS MINT 100GR,11.0
2024-03-01,P0047 -  PT.JAVAS TRIPTA MANDALA,8992003787229,PERMEN ZIPLONG EUCALYPTUS MINT 100GR,12.0
2024-04-01,P0047 -  PT.JAVAS TRIPTA MANDALA,8992003787229,PERMEN ZIPLONG EUCALYPTUS MINT 100GR,11.0
2024-05-01,P0047 -  PT.JAVAS TRIPTA MANDALA,8992003787229,PERMEN ZIPLONG EUCALYPTUS MINT 100GR,17.0
2024-06-01,P0047 -  PT.JAVAS TRIPTA MANDALA,8992003787229,PERMEN ZIPLONG EUCALYPTUS MINT 100GR,17.0
2024-07-01,P0047 -  PT.JAVAS TRIPTA MANDALA,8992003787229,PERMEN ZIPLONG EUCALYPTUS MINT 100GR,11.0
2024-08-01,P0047 -  PT.JAVAS TRIPTA MANDALA,8992003787229,PERMEN ZIPLONG EUCALYPTUS MINT 100GR,26.0
2024-09-01,P0047 -  PT.JAVAS TRIPTA MANDALA,8992003787229,PERMEN ZIPLONG EUCALYPTUS MINT 100GR,12.0
2024-10-01,P0047 -  PT.JAVAS TRIPTA MANDALA,8992003787229,PERMEN ZIPLONG EUCALYPTUS MINT 100GR,21.0
2024-11-01,P0047 -  PT.JAVAS TRIPTA MANDALA,8992003787229,PERMEN ZIPLONG EUCALYPTUS MINT 100GR,17.0
2024-12-01,P0047 -  PT.JAVAS TRIPTA MANDALA,8992003787229,PERMEN ZIPLONG EUCALYPTUS MINT 100GR,22.0
2025-01-01,P0047 -  PT.JAVAS TRIPTA MANDALA,8992003787229,PERMEN ZIPLONG EUCALYPTUS MINT 100GR,12.0
2025-02-01,P0047 -  PT.JAVAS TRIPTA MANDALA,8992003787229,PERMEN ZIPLONG EUCALYPTUS MINT 100GR,19.0
2025-03-01,P0047 -  PT.JAVAS TRIPTA MANDALA,8992003787229,PERMEN ZIPLONG EUCALYPTUS MINT 100GR,21.0
2025-04-01,P0047 -  PT.JAVAS TRIPTA MANDALA,8992003787229,PERMEN ZIPLONG EUCALYPTUS MINT 100GR,18.0
2025-05-01,P0047 -  PT.JAVAS TRIPTA MANDALA,8992003787229,PERMEN ZIPLONG EUCALYPTUS MINT 100GR,12.0
2025-06-01,P0047 -  PT.JAVAS TRIPTA MANDALA,8992003787229,PERMEN ZIPLONG EUCALYPTUS MINT 100GR,28.0
2025-07-01,P0047 -  PT.JAVAS TRIPTA MANDALA,8992003787229,PERMEN ZIPLONG EUCALYPTUS MINT 100GR,25.0
2025-08-01,P0047 -  PT.JAVAS TRIPTA MANDALA,8992003787229,PERMEN ZIPLONG EUCALYPTUS MINT 100GR,30.0
2025-09-01,P0047 -  PT.JAVAS TRIPTA MANDALA,8992003787229,PERMEN ZIPLONG EUCALYPTUS MINT 100GR,30.0
2025-10-01,P0047 -  PT.JAVAS TRIPTA MANDALA,8992003787229,PERMEN ZIPLONG EUCALYPTUS MINT 100GR,25.0
2025-11-01,P0047 -  PT.JAVAS TRIPTA MANDALA,8992003787229,PERMEN ZIPLONG EUCALYPTUS MINT 100GR,25.0
2025-12-01,P0047 -  PT.JAVAS TRIPTA MANDALA,8992003787229,PERMEN ZIPLONG EUCALYPTUS MINT 100GR,34.0
2026-01-01,P0047 -  PT.JAVAS TRIPTA MANDALA,8992003787229,PERMEN ZIPLONG EUCALYPTUS MINT 100GR,15.0
2023-05-01,P0047 -  PT.JAVAS TRIPTA MANDALA,8992003784532,TEJAHE PERMEN BAG 100GR ORIGINAL/25,8.0
2023-06-01,P0047 -  PT.JAVAS TRIPTA MANDALA,8992003784532,TEJAHE PERMEN BAG 100GR ORIGINAL/25,15.0
2023-07-01,P0047 -  PT.JAVAS TRIPTA MANDALA,8992003784532,TEJAHE PERMEN BAG 100GR ORIGINAL/25,25.0
2023-08-01,P0047 -  PT.JAVAS TRIPTA MANDALA,8992003784532,TEJAHE PERMEN BAG 100GR ORIGINAL/25,21.0
2023-09-01,P0047 -  PT.JAVAS TRIPTA MANDALA,8992003784532,TEJAHE PERMEN BAG 100GR ORIGINAL/25,33.0
2023-10-01,P0047 -  PT.JAVAS TRIPTA MANDALA,8992003784532,TEJAHE PERMEN BAG 100GR ORIGINAL/25,39.0
2023-11-01,P0047 -  PT.JAVAS TRIPTA MANDALA,8992003784532,TEJAHE PERMEN BAG 100GR ORIGINAL/25,12.0
2023-12-01,P0047 -  PT.JAVAS TRIPTA MANDALA,8992003784532,TEJAHE PERMEN BAG 100GR ORIGINAL/25,0.0
2024-01-01,P0047 -  PT.JAVAS TRIPTA MANDALA,8992003784532,TEJAHE PERMEN BAG 100GR ORIGINAL/25,27.0
2024-02-01,P0047 -  PT.JAVAS TRIPTA MANDALA,8992003784532,TEJAHE PERMEN BAG 100GR ORIGINAL/25,23.0
2024-03-01,P0047 -  PT.JAVAS TRIPTA MANDALA,8992003784532,TEJAHE PERMEN BAG 100GR ORIGINAL/25,9.0
2024-04-01,P0047 -  PT.JAVAS TRIPTA MANDALA,8992003784532,TEJAHE PERMEN BAG 100GR ORIGINAL/25,11.0
2024-05-01,P0047 -  PT.JAVAS TRIPTA MANDALA,8992003784532,TEJAHE PERMEN BAG 100GR ORIGINAL/25,16.0
2024-06-01,P0047 -  PT.JAVAS TRIPTA MANDALA,8992003784532,TEJAHE PERMEN BAG 100GR ORIGINAL/25,25.0
2024-07-01,P0047 -  PT.JAVAS TRIPTA MANDALA,8992003784532,TEJAHE PERMEN BAG 100GR ORIGINAL/25,12.0
2024-08-01,P0047 -  PT.JAVAS TRIPTA MANDALA,8992003784532,TEJAHE PERMEN BAG 100GR ORIGINAL/25,24.0
2024-09-01,P0047 -  PT.JAVAS TRIPTA MANDALA,8992003784532,TEJAHE PERMEN BAG 100GR ORIGINAL/25,22.0
2024-10-01,P0047 -  PT.JAVAS TRIPTA MANDALA,8992003784532,TEJAHE PERMEN BAG 100GR ORIGINAL/25,27.0
2024-11-01,P0047 -  PT.JAVAS TRIPTA MANDALA,8992003784532,TEJAHE PERMEN BAG 100GR ORIGINAL/25,30.0
2024-12-01,P0047 -  PT.JAVAS TRIPTA MANDALA,8992003784532,TEJAHE PERMEN BAG 100GR ORIGINAL/25,20.0
2025-01-01,P0047 -  PT.JAVAS TRIPTA MANDALA,8992003784532,TEJAHE PERMEN BAG 100GR ORIGINAL/25,19.0
2025-02-01,P0047 -  PT.JAVAS TRIPTA MANDALA,8992003784532,TEJAHE PERMEN BAG 100GR ORIGINAL/25,21.0
2025-03-01,P0047 -  PT.JAVAS TRIPTA MANDALA,8992003784532,TEJAHE PERMEN BAG 100GR ORIGINAL/25,46.0
2025-04-01,P0047 -  PT.JAVAS TRIPTA MANDALA,8992003784532,TEJAHE PERMEN BAG 100GR ORIGINAL/25,2.0
2025-05-01,P0047 -  PT.JAVAS TRIPTA MANDALA,8992003784532,TEJAHE PERMEN BAG 100GR ORIGINAL/25,23.0
2025-06-01,P0047 -  PT.JAVAS TRIPTA MANDALA,8992003784532,TEJAHE PERMEN BAG 100GR ORIGINAL/25,17.0
2025-07-01,P0047 -  PT.JAVAS TRIPTA MANDALA,8992003784532,TEJAHE PERMEN BAG 100GR ORIGINAL/25,20.0
2025-08-01,P0047 -  PT.JAVAS TRIPTA MANDALA,8992003784532,TEJAHE PERMEN BAG 100GR ORIGINAL/25,36.0
2025-09-01,P0047 -  PT.JAVAS TRIPTA MANDALA,8992003784532,TEJAHE PERMEN BAG 100GR ORIGINAL/25,34.0
2025-10-01,P0047 -  PT.JAVAS TRIPTA MANDALA,8992003784532,TEJAHE PERMEN BAG 100GR ORIGINAL/25,26.0
2025-11-01,P0047 -  PT.JAVAS TRIPTA MANDALA,8992003784532,TEJAHE PERMEN BAG 100GR ORIGINAL/25,28.0
2025-12-01,P0047 -  PT.JAVAS TRIPTA MANDALA,8992003784532,TEJAHE PERMEN BAG 100GR ORIGINAL/25,47.0
2026-01-01,P0047 -  PT.JAVAS TRIPTA MANDALA,8992003784532,TEJAHE PERMEN BAG 100GR ORIGINAL/25,38.0
